{
	"name": "ui.accordion",
	"title": "jQuery UI Accordion",
	"description": "Displays collapsible content panels for presenting information in a limited amount of space.",
	"keywords": [
		"ui",
		"accordion",
		"navigation",
		"panel",
		"collapse",
		"expand"
	],
	"version": "1.9.2",
	"author": {
		"name": "jQuery Foundation and other contributors",
		"url": "https://github.com/jquery/jquery-ui/blob/1.9.2/AUTHORS.txt"
	},
	"maintainers": [
		{
			"name": "Scott González",
			"email": "scott.gonzalez@gmail.com",
			"url": "http://scottgonzalez.com"
		},
		{
			"name": "Jörn Zaefferer",
			"email": "joern.zaefferer@gmail.com",
			"url": "http://bassistance.de"
		},
		{
			"name": "Kris Borchers",
			"email": "kris.borchers@gmail.com",
			"url": "http://krisborchers.com"
		},
		{
			"name": "Corey Frang",
			"email": "gnarf37@gmail.com",
			"url": "http://gnarf.net"
		}
	],
	"licenses": [
		{
			"type": "MIT",
			"url": "https://github.com/jquery/jquery-ui/blob/1.9.2/MIT-LICENSE.txt"
		}
	],
	"bugs": "http://bugs.jqueryui.com/",
	"homepage": "http://jqueryui.com/accordion/",
	"demo": "http://jqueryui.com/accordion/",
	"docs": "http://api.jqueryui.com/accordion/",
	"download": "http://jqueryui.com/download/",
	"dependencies": {
		"jquery": ">=1.6",
		"ui.core": "1.9.2",
		"ui.widget": "1.9.2"
	},
	"category": "widget"
}
